ID;ФИО;Логин;Пароль;Роль;Номер телефона;Пол;Фото
1;Чашин Елизар Михеевич;Elizor@gmai.com;yntiRS;Администратор; +7(1070)628-29-16;Мужской;
2;Филенкова Владлена Олеговна;Vladlena@gmai.com;07i7Lb;Менеджер А; +7(334)146-01-51;Женский;
3;Ломовцев Адам Владимирович;Adam@gmai.com;7SP9CV;Менеджер С;+7(8560)519-32-99;Мужской;
4;Тепляков Кир Федосиевич;Kar@gmai.com;6QF1WB;Удален;+7(824)893-24-03;Мужской;
5;Рюриков Юлий Глебович;Yli@gmai.com;GwffgE;Администратор;+7(6402)701-31-09;Мужской;
6;Беломестина Василиса Тимофеевна;Vasilisa@gmai.com;d7iKKV;Администратор;+7(92)920-74-47;Женский;
7;Панькива Галина Якововна;Galina@gmai.com;8KC7wJ;Менеджер А; +7(405)088-73-89;Женский;
8;Зарубин Мирон Мечиславович;Miron@gmai.com;x58OAN;Администратор;+7(6010)195-02-09;Мужской;
9;Веточкина Всеслава Андрияновна;Vseslava@gmai.com;fhDSBf;Менеджер С;+7(078)429-57-86;Женский;
10;Рябова Виктория Елизаровна;Victoria@gmai.com;9mlPQJ;Удален;+7(6394)904-01-61;Женский;
11;Федотов Леон Фёдорович;Anisa@gmai.com;Wh4OYm;Менеджер А; +7(22)326-49-59;Мужской;
12;Шарапов Феофан Кириллович;Feafan@gmai.com;Kc1PeS;Менеджер С;+7(789)762-30-28;Мужской;
